loan_id,amount,gender,district_name,using_time,age,num_trans_be4_loan,total_deposit_be4_loan,total_withdrawal_be4_loan,avg_balance_be4_loan,debit_payment_purpose,avg_salary,unemployment_rate,status,customer_segment
4959,80952,F,Hl.m. Praha,6,59,108.0,457374.0,-306040.0,32590.7593,loan payment,12215.5,0.2,A,2
4959,80952,M,Hl.m. Praha,6,54,108.0,457374.0,-306040.0,32590.7593,loan payment,12215.5,0.2,A,2
4961,30276,F,Tabor,4,60,80.0,242180.0,-198020.0,25197.1375,loan payment,9104.0,1.5,B,2
4962,30276,M,Frydek - Mistek,3,37,547.5,2513941.5,-2041937.5,62991.4085,loan payment,9893.0,4.0,A,2
4973,165960,F,Jindrichuv Hradec,5,55,375.0,2439726.0,-2041937.5,52523.336,loan payment,8427.0,1.1,A,2
4986,102876,F,Ostrava - mesto,3,63,547.5,1530285.0,-1327720.0,33057.4576,household,10673.0,4.7,A,2
4986,102876,M,Ostrava - mesto,3,57,547.5,1530285.0,-1327720.0,33057.4576,household,10673.0,4.7,A,2
4996,88440,F,Teplice,3,54,31.0,269642.0,-175400.0,62778.0968,loan payment,9317.0,6.4,A,2
4996,88440,M,Teplice,3,61,31.0,269642.0,-175400.0,62778.0968,loan payment,9317.0,6.4,A,2
5002,104808,F,Zdar nad Sazavou,6,54,150.0,568235.0,-428155.0,38709.7,household,8512.0,3.5,A,2
5002,104808,M,Zdar nad Sazavou,6,60,150.0,568235.0,-428155.0,38709.7,household,8512.0,3.5,A,2
5005,27456,M,Novy Jicin,3,32,300.0,1842612.0,-1553060.0,48780.0933,loan payment,8678.0,5.9,A,2
5032,123696,M,Breclav,6,59,183.0,857007.0,-630456.0,49084.5082,loan payment,8772.0,4.6,A,2
5045,187224,M,Hl.m. Praha,6,52,88.0,502144.0,-361480.0,42084.3864,loan payment,12215.5,0.2,B,2
5088,91152,M,Ceska Lipa,4,57,77.0,383630.0,-312450.0,44829.5974,loan payment,9272.0,2.8,A,2
5103,12540,F,Plzen - jih,3,59,547.5,1386872.0,-1168640.0,41922.125,household,8561.0,0.6,A,2
5103,12540,M,Plzen - jih,3,63,547.5,1386872.0,-1168640.0,41922.125,household,8561.0,0.6,A,2
5117,76944,F,Hl.m. Praha,3,43,440.0,1949528.0,-1474428.0,40141.8636,loan payment,12215.5,0.2,A,2
5126,208128,M,Brno - mesto,6,48,64.0,342886.0,-240420.0,36370.0,loan payment,9897.0,1.6,B,2
5130,24312,F,Jindrichuv Hradec,6,44,78.0,207261.0,-99465.0,29380.8846,loan payment,8427.0,1.1,A,2
5131,48624,M,Teplice,6,38,234.0,1473150.0,-1324496.0,63857.2991,loan payment,9317.0,6.4,A,2
5134,53076,M,Prachatice,3,51,130.0,406996.0,-364870.0,33129.4769,household,8402.0,3.1,A,2
5136,187104,F,Olomouc,3,22,25.0,288708.0,-201830.0,66292.68,loan payment,8994.0,3.8,A,2
5161,98184,F,Znojmo,5,54,14.0,99656.0,-30700.0,41660.2857,loan payment,8403.0,5.7,A,2
5176,192552,F,Strakonice,6,36,51.0,158359.0,-116980.0,23979.0588,loan payment,8547.0,2.6,B,2
5189,149040,F,Praha - zapad,6,31,108.0,379864.0,-326920.0,36845.8519,loan payment,9622.0,0.4,A,2
5212,71064,F,Louny,5,53,258.0,678741.0,-584556.0,34577.2791,household,8965.0,7.0,A,2
5229,23520,F,Blansko,3,55,189.0,443118.0,-372444.0,25967.619,loan payment,8240.0,2.5,A,2
5229,23520,M,Blansko,3,58,189.0,443118.0,-372444.0,25967.619,loan payment,8240.0,2.5,A,2
5237,45336,M,Prachatice,5,42,180.0,723322.0,-643650.0,48153.0111,household,8402.0,3.1,A,2
5269,164052,F,Tachov,6,24,65.0,394207.0,-280500.0,41752.1077,loan payment,8930.0,3.5,B,2
5285,78936,F,Tachov,6,42,153.0,286221.0,-212418.0,25900.3137,household,8930.0,3.5,A,2
5310,240516,F,Plzen - sever,6,59,480.0,1391024.0,-1226608.0,36063.8583,household,8594.0,1.6,A,2
5314,96396,F,Sokolov,6,52,4.0,20100.0,0.0,12250.0,loan payment,9650.0,3.3,B,2
5316,165960,M,Nachod,6,31,148.0,919576.0,-656016.0,52083.9189,loan payment,8369.0,1.7,A,2
5325,105804,F,Ceske Budejovice,6,59,50.0,240620.0,-172036.0,41297.64,loan payment,10045.0,1.4,A,2
5338,57360,M,Kutna Hora,3,42,300.0,1280524.0,-1143956.0,36887.0667,loan payment,8546.0,2.9,B,2
5351,205200,F,Hl.m. Praha,6,36,516.0,2494172.0,-2041937.5,58336.2868,loan payment,12215.5,0.2,A,2
5352,68400,F,Frydek - Mistek,5,23,14.0,62747.0,-38800.0,31793.6429,loan payment,9893.0,4.0,B,2
5358,38520,M,Havlickuv Brod,4,60,228.0,284548.0,-256570.0,20231.307,household,8388.0,2.4,A,2
5366,86184,F,Karvina,3,59,126.0,1105734.0,-744522.0,60273.7381,loan payment,10177.0,6.6,A,2
5375,101520,F,Hl.m. Praha,3,23,76.0,220784.0,-187344.0,26449.2895,household,12215.5,0.2,A,2
5377,92400,F,Karvina,3,25,312.0,1503882.0,-1097502.0,42291.2981,loan payment,10177.0,6.6,A,2
5388,61560,M,Tachov,3,56,284.0,1423100.0,-1121592.0,32967.6197,loan payment,8930.0,3.5,A,2
5390,170256,F,Jindrichuv Hradec,6,34,154.0,743192.0,-656590.0,40091.2987,household,8427.0,1.1,A,2
5395,240516,F,Bruntal,6,33,378.0,2438277.0,-2041937.5,51992.9444,loan payment,8110.0,5.7,B,2
5398,53472,F,Nymburk,3,65,134.0,1008745.0,-889640.0,64144.5448,loan payment,8899.0,3.3,A,2
5398,53472,M,Nymburk,3,59,134.0,1008745.0,-889640.0,64144.5448,loan payment,8899.0,3.3,A,2
5413,92976,F,Tachov,5,29,218.0,1333830.0,-992152.0,50436.5321,loan payment,8930.0,3.5,A,2
5413,92976,M,Tachov,5,22,218.0,1333830.0,-992152.0,50436.5321,loan payment,8930.0,3.5,A,2
5445,46320,M,Decin,4,20,547.5,2513941.5,-2041937.5,43657.8764,loan payment,8705.0,5.7,A,2
5449,99336,F,Frydek - Mistek,5,19,104.0,256940.0,-195296.0,27019.6346,household,9893.0,4.0,A,2
5453,156672,F,Plzen - sever,5,43,150.0,271774.0,-225238.0,22927.5067,household,8594.0,1.6,A,2
5464,95808,M,Hradec Kralove,6,59,90.0,758894.0,-633650.0,59701.7222,loan payment,9425.0,1.7,A,2
5479,24516,M,Hl.m. Praha,6,41,73.0,630687.0,-414920.0,55582.3288,loan payment,12215.5,0.2,A,2
5519,91632,F,Usti nad Orlici,6,37,140.0,474348.0,-408232.0,40977.0143,household,8363.0,2.5,A,2
5519,91632,M,Usti nad Orlici,6,38,140.0,474348.0,-408232.0,40977.0143,household,8363.0,2.5,A,2
5523,93888,F,Vyskov,6,49,38.0,170032.0,-100600.0,37510.3158,loan payment,8288.0,3.7,A,2
5533,111384,M,Praha - zapad,6,32,456.0,2513941.5,-2041937.5,65097.2961,loan payment,9622.0,0.4,A,2
5576,31248,F,Hl.m. Praha,6,60,120.0,857689.0,-689580.0,64493.2583,loan payment,12215.5,0.2,A,2
5595,82896,F,Semily,6,24,504.0,2513941.5,-2041937.5,57141.8016,loan payment,8208.0,1.8,A,2
5595,82896,M,Semily,6,27,504.0,2513941.5,-2041937.5,57141.8016,loan payment,8208.0,1.8,A,2
5599,15420,F,Hl.m. Praha,6,34,453.0,759504.0,-663924.0,24577.2318,household,12215.5,0.2,A,2
5634,39024,M,Zlin,4,63,408.0,2158923.0,-1951230.0,60290.0588,loan payment,9624.0,1.6,A,2
5638,68124,M,Ostrava - mesto,3,42,102.0,463572.0,-430714.0,28808.9804,household,10673.0,4.7,A,2
5643,94512,M,Ostrava - mesto,4,47,134.0,1131516.0,-1025240.0,48061.8358,loan payment,10673.0,4.7,B,2
5651,19248,F,Beroun,3,28,144.0,595738.0,-508872.0,36066.1667,household,8980.0,1.9,A,2
5651,19248,M,Beroun,3,35,144.0,595738.0,-508872.0,36066.1667,household,8980.0,1.9,A,2
5657,4980,F,Vyskov,6,47,184.0,406796.0,-316796.0,30533.2826,household,8288.0,3.7,A,2
5682,67464,M,Chomutov,3,64,57.0,440991.0,-366205.0,46016.2807,loan payment,9675.0,6.4,A,0
5693,44088,F,Nymburk,5,48,64.0,256144.0,-167408.0,36548.9688,household,8899.0,3.3,A,0
5718,14028,F,Blansko,4,54,468.0,1190994.0,-1035654.0,51802.109,household,8240.0,2.5,A,0
5723,23628,M,Louny,6,45,220.0,1154824.0,-986462.0,47421.0,loan payment,8965.0,7.0,A,0
5739,76380,F,Hl.m. Praha,5,42,180.0,367756.0,-275136.0,26122.7333,household,12215.5,0.2,A,0
5740,18564,F,Hl.m. Praha,5,36,26.0,154932.0,-68400.0,35538.0769,household,12215.5,0.2,A,0
5741,68544,F,Litomerice,3,15,270.0,1267325.0,-826180.0,44948.7963,loan payment,9065.0,4.4,A,0
5741,68544,M,Litomerice,3,23,270.0,1267325.0,-826180.0,44948.7963,loan payment,9065.0,4.4,A,0
5750,63252,F,Melnik,5,50,492.0,2401173.0,-1955964.0,49291.8354,loan payment,9920.0,2.2,A,0
5754,23052,F,Brno - mesto,6,59,547.5,1618170.0,-1475535.0,23772.0409,household,9897.0,1.6,A,0
5754,23052,M,Brno - mesto,6,53,547.5,1618170.0,-1475535.0,23772.0409,household,9897.0,1.6,A,0
5805,137904,M,Praha - zapad,4,31,12.0,55760.0,-20600.0,26886.1667,loan payment,9622.0,0.4,B,0
5836,79632,F,Zdar nad Sazavou,5,40,48.0,733389.0,-464148.0,63494.5625,loan payment,8512.0,3.5,A,0
5856,51360,F,Trebic,3,54,87.0,744278.0,-679751.0,53636.4253,loan payment,8814.0,4.7,B,0
5861,51408,M,Rokycany,6,50,64.0,453747.0,-361820.0,52299.2188,loan payment,8843.0,2.8,A,0
5868,90156,F,Jesenik,3,53,65.0,635729.0,-528520.0,77525.1692,loan payment,8173.0,2.869230769230769,A,0
5868,90156,M,Jesenik,3,51,65.0,635729.0,-528520.0,77525.1692,loan payment,8173.0,2.869230769230769,A,0
5877,97224,F,Pelhrimov,6,48,336.0,690843.0,-632415.0,22360.5625,household,8114.0,2.3,A,0
5877,97224,M,Pelhrimov,6,49,336.0,690843.0,-632415.0,22360.5625,household,8114.0,2.3,A,0
5878,74040,F,Opava,4,43,547.5,2513941.5,-2041937.5,44234.8053,household,8746.0,3.3,A,0
5880,73836,F,Most,4,32,57.0,577362.0,-375000.0,55315.2632,loan payment,10446.0,7.3,A,0
5882,87816,F,Hl.m. Praha,6,33,168.0,396932.0,-365610.0,25533.3095,household,12215.5,0.2,A,0
5882,87816,M,Hl.m. Praha,6,38,168.0,396932.0,-365610.0,25533.3095,household,12215.5,0.2,A,0
5887,192744,F,Prostejov,6,28,76.0,304977.0,-243250.0,37265.6842,loan payment,8441.0,3.4,A,0
5887,192744,M,Prostejov,6,20,76.0,304977.0,-243250.0,37265.6842,loan payment,8441.0,3.4,A,0
5892,66480,M,Opava,4,64,10.0,85492.0,-50600.0,34798.3,loan payment,8746.0,3.3,B,0
5897,15192,F,Karlovy Vary,5,27,547.5,1420408.0,-1351020.0,29941.9763,household,8991.0,1.3,A,0
5918,240516,M,Hodonin,6,35,71.0,250491.0,-216560.0,34084.5352,loan payment,8720.0,3.7,A,0
5922,20220,F,Nymburk,5,26,102.0,526812.0,-464210.0,41077.5686,loan payment,8899.0,3.3,A,0
5932,33348,F,Nymburk,3,29,63.0,377709.0,-298350.0,45807.2063,loan payment,8899.0,3.3,A,0
5959,107640,F,Benesov,4,40,69.0,701346.0,-505368.0,50214.5217,loan payment,8507.0,1.6,A,0
5980,21396,F,Cesky Krumlov,5,24,78.0,193525.0,-113550.0,30813.0,loan payment,9045.0,3.1,A,0
5980,21396,M,Cesky Krumlov,5,31,78.0,193525.0,-113550.0,30813.0,loan payment,9045.0,3.1,A,0
5988,141648,F,Usti nad Orlici,3,54,36.0,342624.0,-165200.0,45100.3889,loan payment,8363.0,2.5,A,0
5988,141648,M,Usti nad Orlici,3,47,36.0,342624.0,-165200.0,45100.3889,loan payment,8363.0,2.5,A,0
5992,76080,F,Kolin,3,20,243.0,1497636.0,-1137879.0,50621.1235,loan payment,9307.0,3.8,A,0
5997,117024,M,Ceske Budejovice,6,64,13.0,118394.0,-65200.0,44131.2308,loan payment,10045.0,1.4,A,0
6004,143904,M,Svitavy,6,48,417.0,1974507.0,-1493751.0,49727.5468,loan payment,8187.0,4.8,A,0
6015,110112,M,Blansko,4,36,164.0,1520104.0,-1179514.0,76232.8537,loan payment,8240.0,2.5,A,0
6019,11400,F,Brno - mesto,4,19,308.0,430508.0,-319244.0,27533.7273,household,9897.0,1.6,A,0
6027,61656,F,Rakovnik,4,46,60.0,629480.0,-331000.0,44763.5,loan payment,8598.0,2.7,B,0
6038,240516,F,Hl.m. Praha,6,59,114.0,777236.0,-486460.0,45414.0351,loan payment,12215.5,0.2,A,0
6059,79824,M,Rakovnik,2,43,62.0,486150.0,-410010.0,49309.2258,loan payment,8598.0,2.7,A,0
6064,14628,F,Brno - venkov,6,50,510.0,1130995.0,-956485.0,32788.2353,household,8743.0,1.8,A,0
6066,173808,F,Vsetin,6,42,75.0,699589.0,-540700.0,61218.7867,loan payment,8909.0,4.0,A,0
6066,173808,M,Vsetin,6,49,75.0,699589.0,-540700.0,61218.7867,loan payment,8909.0,4.0,A,0
6072,193968,M,Olomouc,6,27,29.0,286179.0,-205400.0,63579.1379,loan payment,8994.0,3.8,A,0
6077,79608,M,Chrudim,6,29,53.0,518282.0,-360790.0,69954.6226,loan payment,8254.0,2.7,A,0
6111,174744,F,Karlovy Vary,6,51,32.0,213997.0,-143645.0,37485.5313,loan payment,8991.0,1.3,B,0
6112,174744,F,Kolin,6,21,472.0,1754512.0,-1562276.0,26252.8898,loan payment,9307.0,3.8,B,0
6120,209184,M,Hl.m. Praha,6,46,68.0,513027.0,-417420.0,46230.4265,loan payment,12215.5,0.2,A,0
6137,44628,M,Rakovnik,5,56,292.0,2159202.0,-1721856.0,49477.4178,loan payment,8598.0,2.7,A,0
6144,44376,M,Cesky Krumlov,3,37,78.0,666204.0,-381282.0,53505.359,loan payment,9045.0,3.1,A,0
6150,83016,M,Hodonin,6,20,547.5,2513941.5,-2041937.5,67891.9439,loan payment,8720.0,3.7,A,0
6157,98592,F,Praha - vychod,4,36,52.0,324864.0,-237120.0,54128.7692,loan payment,10124.0,0.5,A,0
6185,31176,M,Hl.m. Praha,4,31,69.0,387417.0,-235473.0,46304.2174,household,12215.5,0.2,A,0
6202,65184,M,Beroun,6,42,82.0,524878.0,-405350.0,47426.4878,loan payment,8980.0,1.9,A,0
6210,87216,M,Cesky Krumlov,6,35,33.0,77530.0,-52730.0,28362.303,loan payment,9045.0,3.1,B,0
6216,141240,M,Svitavy,6,37,510.0,2497250.0,-1941690.0,57219.7059,loan payment,8187.0,4.8,A,0
6223,61056,F,Hodonin,6,42,192.0,592338.0,-491769.0,36039.1406,household,8720.0,3.7,A,0
6227,28248,F,Pardubice,6,29,94.0,398116.0,-364390.0,45582.4043,loan payment,9538.0,1.5,A,0
6228,240516,F,Vsetin,6,59,68.0,497104.0,-289510.0,51760.0882,loan payment,8909.0,4.0,B,0
6229,11736,M,Hl.m. Praha,6,61,532.0,1658708.0,-1550788.0,42224.4887,household,12215.5,0.2,A,0
6232,240516,M,Breclav,6,50,58.0,111372.0,-91590.0,19257.0,loan payment,8772.0,4.6,B,0
6244,240516,M,Hl.m. Praha,5,62,72.0,492011.0,-441010.0,60819.9722,loan payment,12215.5,0.2,B,0
6253,59760,F,Ostrava - mesto,6,35,108.0,489076.0,-406810.0,40204.463,household,10673.0,4.7,A,0
6253,59760,M,Ostrava - mesto,6,41,108.0,489076.0,-406810.0,40204.463,household,10673.0,4.7,A,0
6279,87360,M,Louny,6,37,30.0,136714.0,-99530.0,36783.9667,loan payment,8965.0,7.0,A,0
6297,17508,M,Pribram,6,53,72.0,198355.0,-150330.0,39290.625,loan payment,8754.0,3.8,A,0
6303,72408,F,Tachov,4,41,52.0,436656.0,-291200.0,45099.4615,loan payment,8930.0,3.5,B,0
6306,36684,F,Karvina,6,21,125.0,315586.0,-280500.0,30229.936,loan payment,10177.0,6.6,A,0
6309,110136,F,Hl.m. Praha,4,41,126.0,775364.0,-693872.0,50815.7778,loan payment,12215.5,0.2,A,0
6310,34572,F,Hl.m. Praha,3,23,40.0,309029.0,-188060.0,60619.4,loan payment,12215.5,0.2,A,0
6315,43164,F,Trebic,5,23,69.0,505171.0,-415220.0,68376.942,loan payment,8814.0,4.7,A,0
6316,76908,F,Kladno,6,53,102.0,666800.0,-549480.0,52890.5196,loan payment,9753.0,4.6,B,0
6336,212400,F,Louny,6,33,71.0,433318.0,-343370.0,51034.3662,loan payment,8965.0,7.0,A,0
6342,60156,M,Jindrichuv Hradec,4,23,168.0,1441743.0,-1171740.0,72667.5,loan payment,8427.0,1.1,B,0
6356,95400,M,Kolin,6,28,47.0,257545.0,-204080.0,41562.5106,loan payment,9307.0,3.8,A,0
6362,37908,F,Uherske Hradiste,5,23,76.0,307506.0,-232850.0,42164.0526,loan payment,8544.0,1.2,A,0
6377,17184,F,Hl.m. Praha,3,55,280.0,606940.0,-443848.0,29906.6571,household,12215.5,0.2,A,0
6407,25944,F,Usti nad Labem,6,39,37.0,232739.0,-163340.0,56927.5405,loan payment,9832.0,3.3,A,0
6456,47016,F,Nachod,6,42,84.0,573368.0,-444848.0,60382.2381,loan payment,8369.0,1.7,A,1
6460,48672,F,Brno - venkov,6,51,485.0,440315.0,-324785.0,23050.2268,household,8743.0,1.8,A,1
6460,48672,M,Brno - venkov,6,51,485.0,440315.0,-324785.0,23050.2268,household,8743.0,1.8,A,1
6471,155640,F,Kolin,4,56,525.0,1622135.0,-1419675.0,45183.3333,household,9307.0,3.8,A,1
6499,80952,F,Hl.m. Praha,6,59,108.0,457392.0,-304240.0,33312.6667,loan payment,12215.5,0.2,A,1
6499,80952,M,Hl.m. Praha,6,54,108.0,457392.0,-304240.0,33312.6667,loan payment,12215.5,0.2,A,1
6501,30276,F,Tabor,4,60,92.0,243761.0,-190520.0,31318.9022,loan payment,9104.0,1.5,B,1
6502,30276,M,Frydek - Mistek,3,37,547.5,2513941.5,-2041937.5,61588.4024,loan payment,9893.0,4.0,A,1
6509,55368,F,Zlin,6,60,98.0,432631.0,-264250.0,46061.3776,loan payment,9624.0,1.6,A,1
6512,63312,F,Tachov,6,43,246.0,290214.0,-204561.0,22551.8415,household,8930.0,3.5,A,1
6520,91200,F,Most,6,44,72.0,392698.0,-250964.0,32558.6111,loan payment,10446.0,7.3,A,1
6520,91200,M,Most,6,41,72.0,392698.0,-250964.0,32558.6111,loan payment,10446.0,7.3,A,1
6526,240516,F,Vyskov,5,41,17.0,95840.0,-47000.0,36999.4118,loan payment,8288.0,3.7,A,1
6535,41952,M,Hradec Kralove,5,27,420.0,1286328.0,-1042920.0,41502.0286,loan payment,9425.0,1.7,A,1
6546,31728,F,Hl.m. Praha,6,49,234.0,638064.0,-572460.0,31139.8034,household,12215.5,0.2,A,1
6546,31728,M,Hl.m. Praha,6,49,234.0,638064.0,-572460.0,31139.8034,household,12215.5,0.2,A,1
6577,51696,F,Ostrava - mesto,6,31,102.0,728067.0,-576465.0,58226.5196,loan payment,10673.0,4.7,A,1
6578,27984,M,Usti nad Orlici,5,50,152.0,572394.0,-460480.0,30639.9737,loan payment,8363.0,2.5,A,1
6580,196080,M,Cheb,6,41,47.0,289533.0,-174875.0,49143.7872,loan payment,8624.0,1.7,A,1
6589,189696,F,Prachatice,4,55,356.0,2239040.0,-1746368.0,54136.9663,loan payment,8402.0,3.1,A,1
6589,189696,M,Prachatice,4,54,356.0,2239040.0,-1746368.0,54136.9663,loan payment,8402.0,3.1,A,1
6594,189696,F,Prostejov,5,29,15.0,67500.0,0.0,14900.0,loan payment,8441.0,3.4,B,1
6596,91584,F,Decin,6,48,31.0,257466.0,-154130.0,50765.2581,loan payment,8705.0,5.7,A,1
6598,68112,F,Jablonec n. Nisou,6,22,547.5,2513941.5,-2041937.5,47220.1361,loan payment,8867.0,1.0,A,1
6599,72120,F,Usti nad Orlici,4,47,102.0,782538.0,-608625.0,75686.0882,loan payment,8363.0,2.5,A,1
6599,72120,M,Usti nad Orlici,4,40,102.0,782538.0,-608625.0,75686.0882,loan payment,8363.0,2.5,A,1
6600,21852,M,Chomutov,4,45,90.0,522705.0,-308205.0,38508.8333,household,9675.0,6.4,A,1
6612,97392,F,Karvina,3,38,162.0,761600.0,-712240.0,36685.1111,loan payment,10177.0,6.6,A,1
6612,97392,M,Karvina,3,39,162.0,761600.0,-712240.0,36685.1111,loan payment,10177.0,6.6,A,1
6613,84120,F,Jesenik,3,49,19.0,172283.0,-108330.0,56910.7895,loan payment,8173.0,2.869230769230769,A,1
6621,42900,F,Trutnov,4,39,525.0,2513941.5,-2041937.5,50590.6229,loan payment,8541.0,2.5,A,1
6621,42900,M,Trutnov,4,35,525.0,2513941.5,-2041937.5,50590.6229,loan payment,8541.0,2.5,A,1
6624,71460,F,Brno - venkov,6,56,86.0,525358.0,-360264.0,47991.4651,loan payment,8743.0,1.8,A,1
6624,71460,M,Brno - venkov,6,54,86.0,525358.0,-360264.0,47991.4651,loan payment,8743.0,1.8,A,1
6642,77640,M,Plzen - jih,6,32,60.0,413087.0,-312880.0,55570.3167,loan payment,8561.0,0.6,A,1
6644,93600,M,Nymburk,4,27,220.0,916676.0,-811740.0,40078.7636,loan payment,8899.0,3.3,A,1
6645,140400,M,Ostrava - mesto,6,58,45.0,261447.0,-233175.0,43563.6,loan payment,10673.0,4.7,A,1
6647,208320,F,Tachov,6,31,85.0,423055.0,-324530.0,43945.0471,loan payment,8930.0,3.5,A,1
6647,208320,M,Tachov,6,39,85.0,423055.0,-324530.0,43945.0471,loan payment,8930.0,3.5,A,1
6650,49320,F,Karlovy Vary,6,54,147.0,798813.0,-704130.0,46576.3061,loan payment,8991.0,1.3,B,1
6667,155880,F,Litomerice,5,31,284.0,1782244.0,-1549440.0,63263.2324,loan payment,9065.0,4.4,A,1
6667,155880,M,Litomerice,5,31,284.0,1782244.0,-1549440.0,63263.2324,loan payment,9065.0,4.4,A,1
6668,74736,M,Jicin,6,34,134.0,582108.0,-515624.0,37913.1194,household,8390.0,2.2,A,1
6676,29784,F,Plzen - mesto,4,30,36.0,181860.0,-68100.0,27625.8333,household,10787.0,2.6,A,1
6676,29784,M,Plzen - mesto,4,26,36.0,181860.0,-68100.0,27625.8333,household,10787.0,2.6,A,1
6678,80340,F,Hl.m. Praha,6,23,52.0,446746.0,-331075.0,61531.6731,loan payment,12215.5,0.2,A,1
6678,80340,M,Hl.m. Praha,6,21,52.0,446746.0,-331075.0,61531.6731,loan payment,12215.5,0.2,A,1
6686,224604,F,Tachov,6,20,93.0,696154.0,-585280.0,57496.8817,loan payment,8930.0,3.5,A,1
6686,224604,M,Tachov,6,23,93.0,696154.0,-585280.0,57496.8817,loan payment,8930.0,3.5,A,1
6687,87840,F,Rakovnik,6,19,85.0,513235.0,-294000.0,46318.6471,loan payment,8598.0,2.7,A,1
6687,87840,M,Rakovnik,6,14,85.0,513235.0,-294000.0,46318.6471,loan payment,8598.0,2.7,A,1
6694,134784,F,Karvina,5,59,55.0,264676.0,-217390.0,44005.1636,loan payment,10177.0,6.6,A,1
6699,7656,F,Rychnov nad Kneznou,6,37,162.0,557718.0,-485018.0,46444.7778,household,9060.0,1.7,A,1
6699,7656,M,Rychnov nad Kneznou,6,40,162.0,557718.0,-485018.0,46444.7778,household,9060.0,1.7,A,1
6721,21072,F,Pelhrimov,6,35,45.0,117504.0,-24900.0,21575.6,household,8114.0,2.3,A,1
6725,240516,F,Trutnov,6,51,296.0,824488.0,-753910.0,35566.9662,household,8541.0,2.5,A,1
6725,240516,M,Trutnov,6,49,296.0,824488.0,-753910.0,35566.9662,household,8541.0,2.5,A,1
6727,42840,M,Karvina,2,62,45.0,160927.0,-103160.0,35642.2222,loan payment,10177.0,6.6,A,1
6729,74688,F,Cheb,6,54,224.0,1322708.0,-1179224.0,48484.6875,loan payment,8624.0,1.7,A,1
6729,74688,M,Cheb,6,49,224.0,1322708.0,-1179224.0,48484.6875,loan payment,8624.0,1.7,A,1
6737,76680,F,Frydek - Mistek,6,45,429.0,2159523.0,-1803552.0,62933.5385,loan payment,9893.0,4.0,A,1
6737,76680,M,Frydek - Mistek,6,50,429.0,2159523.0,-1803552.0,62933.5385,loan payment,9893.0,4.0,A,1
6738,230220,F,Ostrava - mesto,6,57,246.0,893712.0,-804735.0,27658.4878,loan payment,10673.0,4.7,B,1
6745,47304,M,Zlin,6,28,334.0,2378390.0,-2020478.0,68740.1138,loan payment,9624.0,1.6,A,1
6753,67980,F,Zdar nad Sazavou,3,53,14.0,80206.0,-24500.0,34806.8571,loan payment,8512.0,3.5,A,1
6758,33144,F,Karvina,2,19,128.0,424696.0,-297928.0,32407.625,household,10177.0,6.6,A,1
6758,33144,M,Karvina,2,23,128.0,424696.0,-297928.0,32407.625,household,10177.0,6.6,A,1
6808,227880,F,Zlin,6,44,83.0,365366.0,-298465.0,45134.7831,loan payment,9624.0,1.6,A,1
6808,227880,M,Zlin,6,46,83.0,365366.0,-298465.0,45134.7831,loan payment,9624.0,1.6,A,1
6820,38148,F,Hl.m. Praha,6,34,116.0,580884.0,-357852.0,37462.1724,loan payment,12215.5,0.2,A,1
6841,172080,F,Praha - vychod,5,42,42.0,267849.0,-197560.0,60744.119,loan payment,10124.0,0.5,A,1
6863,127080,M,Jicin,6,63,96.0,300584.0,-219492.0,30061.0417,loan payment,8390.0,2.2,A,1
6865,29448,M,Olomouc,3,52,11.0,67392.0,-23600.0,28977.4545,loan payment,8994.0,3.8,B,1
6876,86616,M,Praha - zapad,6,38,45.0,175659.0,-63900.0,25714.1333,household,9622.0,0.4,A,1
6878,23184,F,Hodonin,3,20,58.0,99593.0,-57095.0,36729.7759,loan payment,8720.0,3.7,A,1
6887,39576,F,Frydek - Mistek,3,35,225.0,725655.0,-579363.0,30719.6933,loan payment,9893.0,4.0,A,1
6887,39576,M,Frydek - Mistek,3,29,225.0,725655.0,-579363.0,30719.6933,loan payment,9893.0,4.0,A,1
6888,39576,F,Ceska Lipa,6,19,345.0,1463340.0,-1391649.0,48944.8261,loan payment,9272.0,2.8,A,1
6895,41904,M,Karvina,6,25,429.0,1500447.0,-1192080.0,36080.3776,loan payment,10177.0,6.6,A,1
6903,52128,F,Praha - zapad,6,40,71.0,243550.0,-139777.0,33459.6479,loan payment,9622.0,0.4,A,1
6919,120888,F,Hl.m. Praha,6,55,192.0,944920.0,-732980.0,40838.7396,loan payment,12215.5,0.2,A,1
6921,86184,F,Karvina,3,59,126.0,1105725.0,-734022.0,59935.5238,loan payment,10177.0,6.6,A,1
6929,36396,M,Sumperk,6,27,316.0,1898956.0,-1799462.0,57977.0443,loan payment,8369.0,4.7,A,1
6934,116832,F,Tabor,3,51,92.0,265244.0,-223770.0,23391.8043,household,9104.0,1.5,A,1
6934,116832,M,Tabor,3,54,92.0,265244.0,-223770.0,23391.8043,household,9104.0,1.5,A,1
6942,18324,F,Kromeriz,3,48,172.0,676226.0,-613758.0,31402.2326,household,8444.0,3.2,A,1
6942,18324,M,Kromeriz,3,54,172.0,676226.0,-613758.0,31402.2326,household,8444.0,3.2,A,1
6949,104712,F,Tachov,5,29,216.0,1328234.0,-987552.0,52379.1574,loan payment,8930.0,3.5,A,1
6949,104712,M,Tachov,5,22,216.0,1328234.0,-987552.0,52379.1574,loan payment,8930.0,3.5,A,1
6950,104712,M,Ostrava - mesto,6,55,382.0,2310046.0,-1924684.0,57357.8586,loan payment,10673.0,4.7,A,1
6960,76416,F,Hl.m. Praha,6,65,459.0,1516425.0,-1345146.0,31375.1961,loan payment,12215.5,0.2,A,1
6960,76416,M,Hl.m. Praha,6,62,459.0,1516425.0,-1345146.0,31375.1961,loan payment,12215.5,0.2,A,1
6965,139536,F,Trebic,6,58,330.0,2421436.0,-2041937.5,63889.9212,loan payment,8814.0,4.7,A,1
6985,113796,F,Brno - mesto,5,22,216.0,748035.0,-512388.0,36840.4583,loan payment,9897.0,1.6,A,1
6985,113796,M,Brno - mesto,5,28,216.0,748035.0,-512388.0,36840.4583,loan payment,9897.0,1.6,A,1
6995,96168,F,Zlin,4,27,149.0,615730.0,-528580.0,50492.7987,loan payment,9624.0,1.6,A,1
6996,126600,M,Pardubice,6,60,132.0,795504.0,-630470.0,47119.0682,loan payment,9538.0,1.5,A,1
6998,97632,F,Tabor,6,31,195.0,1545795.0,-1296153.0,53379.2923,loan payment,9104.0,1.5,A,1
7008,36168,M,Hl.m. Praha,4,38,144.0,557356.0,-428480.0,39063.6944,loan payment,12215.5,0.2,A,1
7046,91632,F,Pelhrimov,3,64,210.0,342195.0,-297408.0,17625.3429,household,8114.0,2.3,A,1
7046,91632,M,Pelhrimov,3,56,210.0,342195.0,-297408.0,17625.3429,household,8114.0,2.3,A,1
7051,77808,F,Hl.m. Praha,2,36,23.0,168443.0,-110745.0,68874.6522,loan payment,12215.5,0.2,A,1
7051,77808,M,Hl.m. Praha,2,44,23.0,168443.0,-110745.0,68874.6522,loan payment,12215.5,0.2,A,1
7057,231696,F,Hl.m. Praha,5,25,504.0,2513941.5,-2041937.5,45873.6905,loan payment,12215.5,0.2,A,1
7057,231696,M,Hl.m. Praha,5,26,504.0,2513941.5,-2041937.5,45873.6905,loan payment,12215.5,0.2,A,1
7061,121896,M,Brno - venkov,6,34,93.0,636171.0,-498935.0,54422.5914,loan payment,8743.0,1.8,A,1
7066,215388,M,Most,6,40,15.0,61162.0,-30500.0,32703.0,loan payment,10446.0,7.3,B,1
7097,75624,M,Brno - mesto,6,41,23.0,175156.0,-133200.0,50010.0,loan payment,9897.0,1.6,B,1
7104,240516,M,Frydek - Mistek,6,20,34.0,288866.0,-154428.0,45198.1765,loan payment,9893.0,4.0,A,1
7119,86880,F,Tabor,3,59,58.0,502311.0,-418505.0,56531.8448,loan payment,9104.0,1.5,A,1
7121,21924,F,Brno - venkov,6,40,90.0,317174.0,-219010.0,34272.1556,household,8743.0,1.8,A,1
7121,21924,M,Brno - venkov,6,39,90.0,317174.0,-219010.0,34272.1556,household,8743.0,1.8,A,1
7130,123408,M,Most,4,35,325.0,961745.0,-919960.0,28359.3692,loan payment,10446.0,7.3,A,1
7137,151560,M,Zdar nad Sazavou,6,46,56.0,495518.0,-333128.0,53976.2143,loan payment,8512.0,3.5,A,1
7166,198240,M,Usti nad Labem,4,43,32.0,156096.0,-85406.0,30953.1875,household,9832.0,3.3,A,1
7176,240516,M,Praha - zapad,6,23,483.0,2513941.5,-2041937.5,50676.8696,loan payment,9622.0,0.4,A,1
7192,115992,M,Tachov,6,62,381.0,1198347.0,-980784.0,25666.3622,loan payment,8930.0,3.5,A,1
7198,45768,F,Olomouc,6,22,27.0,103428.0,-49000.0,32555.8519,loan payment,8994.0,3.8,A,1
7199,45768,F,Prerov,3,61,547.5,2513941.5,-2041937.5,59138.5137,loan payment,8819.0,5.3,A,1
7199,45768,M,Prerov,3,55,547.5,2513941.5,-2041937.5,59138.5137,loan payment,8819.0,5.3,A,1
7201,67464,M,Chomutov,3,64,57.0,441079.0,-361105.0,48557.4211,loan payment,9675.0,6.4,A,1
7220,131292,M,Hl.m. Praha,6,45,166.0,688354.0,-615180.0,36635.2169,loan payment,12215.5,0.2,A,1
7226,197748,F,Rakovnik,6,29,32.0,271988.0,-185400.0,44735.5,household,8598.0,2.7,A,1
7226,197748,M,Rakovnik,6,31,32.0,271988.0,-185400.0,44735.5,household,8598.0,2.7,A,1
7235,154416,F,Pisek,6,30,32.0,182544.0,-102020.0,46716.1563,loan payment,8968.0,2.8,A,1
7240,240516,M,Vyskov,6,21,81.0,828981.0,-705642.0,57188.1852,loan payment,8288.0,3.7,A,1
7241,168984,M,Hl.m. Praha,6,23,160.0,920747.0,-826576.0,56053.8938,loan payment,12215.5,0.2,B,1
7243,217152,M,Olomouc,4,25,114.0,764284.0,-629812.0,49107.0526,loan payment,8994.0,3.8,A,1
7249,69360,M,Nachod,6,58,78.0,204510.0,-165850.0,33857.2051,loan payment,8369.0,1.7,A,1
7253,98304,M,Jindrichuv Hradec,4,29,113.0,974630.0,-812295.0,66405.0531,loan payment,8427.0,1.1,A,1
7259,108144,F,Kromeriz,6,36,110.0,773852.0,-730012.0,54652.9091,loan payment,8444.0,3.2,A,1
7259,108144,M,Kromeriz,6,42,110.0,773852.0,-730012.0,54652.9091,loan payment,8444.0,3.2,A,1
7262,182628,M,Prerov,6,40,26.0,153322.0,-62000.0,33229.0,household,8819.0,5.3,A,1
7263,89880,M,Karvina,4,36,29.0,215538.0,-176460.0,62571.3448,loan payment,10177.0,6.6,A,1
7264,44940,F,Hl.m. Praha,2,23,40.0,299036.0,-179820.0,52484.9,loan payment,12215.5,0.2,A,1
7277,89280,M,Hl.m. Praha,2,52,156.0,1281405.0,-932811.0,60522.1346,loan payment,12215.5,0.2,A,1
7284,52788,M,Cesky Krumlov,6,26,129.0,271152.0,-208071.0,22198.1628,household,9045.0,3.1,A,1
7305,54024,M,Trebic,5,31,441.0,1958799.0,-1846782.0,36480.2381,loan payment,8814.0,4.7,A,1
7308,129408,F,Bruntal,4,37,535.0,1277715.0,-1156725.0,30870.0187,household,8110.0,5.7,A,1
